{
    "total_images": 25,
    "mean_error": 3.918238563562738,
    "individual_errors": [
        15.63424386612509,
        16.85914733267196,
        16.973991908605484,
        13.002615765316499,
        15.659159069952816,
        0.5874821914477653,
        1.7285145038454515,
        0.5394158493555857,
        0.9904059237969599,
        1.0046112877561002,
        1.0572560024215834,
        1.2963219505670482,
        1.7599850273895665,
        0.6775828406303439,
        0.14034830029772988,
        0.8411212485656044,
        1.2464410780150685,
        0.6452002660675766,
        1.3567801676027094,
        1.3715412619938663,
        1.1064804182629213,
        1.0898196621100713,
        0.5243539321621862,
        0.5617202957904738,
        1.3014239383179753
    ]
}