{
    "total_images": 25,
    "mean_error": 3.7515378312825582,
    "individual_errors": [
        13.125050298839708,
        15.220355463140791,
        14.466069188144903,
        15.511540839881453,
        16.906148365151257,
        0.38501457019965024,
        1.5531553055579665,
        0.6772280320825459,
        1.0587921966798208,
        1.2485941774940055,
        0.9142323550827158,
        0.9626146167510262,
        1.7084886965320725,
        0.3526966569993139,
        0.4068868825298424,
        0.98144681531452,
        1.2190989310106475,
        0.5706403644481332,
        1.2225564273334162,
        1.0577285004248322,
        1.09450272478526,
        0.9685525085389582,
        0.5324906593270954,
        0.529821406174221,
        1.1147397996397859
    ]
}