{
    "total_images": 10,
    "mean_error": 0.05351776012321653,
    "individual_errors": [
        0.042650660256718945,
        0.07027458482705413,
        0.0429536850966498,
        0.04668197457543033,
        0.08245621140469118,
        0.04807096269811031,
        0.03862867280964491,
        0.06335203207751927,
        0.0629086514320221,
        0.037200166054324364
    ]
}