{
    "total_images": 5,
    "mean_error": 0.051500933280799854,
    "individual_errors": [
        0.05715663830321278,
        0.06306681247300316,
        0.0383695799404927,
        0.03966557151771215,
        0.059246064169578526
    ]
}